Product Name,Product ID,Units Sold (1),Units Bought (1),Cost Price (1),Selling Price (1),Units Sold (2),Units Bought (2),Cost Price (2),Selling Price (2),Units Sold (3),Units Bought (3),Cost Price (3),Selling Price (3),Units Sold (4),Units Bought (4),Cost Price (4),Selling Price (4),Units Sold (5),Units Bought (5),Cost Price (5),Selling Price (5),Units Sold (6),Units Bought (6),Cost Price (6),Selling Price (6),Units Sold (7),Units Bought (7),Cost Price (7),Selling Price (7),Units Sold (8),Units Bought (8),Cost Price (8),Selling Price (8),Units Sold (9),Units Bought (9),Cost Price (9),Selling Price (9),Units Sold (10),Units Bought (10),Cost Price (10),Selling Price (10),Units Sold (11),Units Bought (11),Cost Price (11),Selling Price (11),Units Sold (12),Units Bought (12),Cost Price (12),Selling Price (12),Category,Average_rating,Seasonal_Var
 Action Figures ,P-2530,58,115,16.93741642,48.07763589,31,166,19.45095857,53.83304929,92,101,11.35163807,18.21075798,17,69,11.65942217,22.17129924,20,112,31.87997801,92.25380879,9,177,22.39407776,63.06335727,16,54,16.55731198,45.15949527,31,67,49.12204649,99.59384449,65,170,45.03397704,110.2137642,64,198,30.38944764,75.82021566,52,52,40.10607796,101.2331561,66,68,36.24115642,71.07339507,Toys,4.8,null
Moisturizer,P-4255,24,72,27.70203809,82.54682449,75,108,10.07458832,27.24476796,41,64,21.21892356,49.90307365,15,125,8.764866385,25.72779609,24,192,4.075642788,7.450724321,142,194,29.62624712,48.37687947,16,99,38.4594611,87.69123147,43,125,18.44297156,54.6463247,77,173,33.08654967,86.47987806,96,113,42.0230915,63.22139427,31,51,8.703010623,19.63458147,48,85,49.45471943,110.2883093,Beauty,3.2,Winter
Dolls,P-5088,11,51,40.05554055,62.7826447,132,171,42.78095191,89.61303984,27,88,7.625065701,13.04951661,33,142,34.14060331,100.3873325,62,144,13.77530644,38.41478016,103,135,19.74997769,34.67315027,74,102,16.91003486,39.30834928,92,107,32.30588192,61.04913191,65,83,30.04851562,71.95951021,3,66,11.67939094,30.59280402,32,54,30.56590054,76.71826278,109,141,15.15195015,27.47011102,Toys,3.2,null
Jeans,P-5613,40,70,44.70009538,94.97489205,84,91,47.40034639,116.2839373,14,129,15.89321701,43.31978359,35,168,44.84941252,97.35922945,60,61,44.08936068,107.606806,70,112,20.33637891,51.61670578,105,153,12.36914644,32.61872416,29,53,11.77372625,27.70047172,131,148,8.143675544,17.27671583,26,99,26.93179074,66.66870021,45,167,47.0776112,82.04807838,130,146,11.81056462,28.09503974,Clothing,4.3,null
Earphones,P-7181,87,124,40.6809488,77.60696427,123,142,32.44975668,85.89571003,20,123,7.226735639,18.01346636,84,139,22.50711338,35.890554,139,179,37.00986481,65.61037662,56,58,37.10176536,72.38415158,17,90,12.09023814,29.73285577,194,196,5.980524255,15.09998247,18,157,6.594977744,15.45056293,57,200,37.0200763,69.608612,58,104,32.10371682,79.89493614,152,179,5.108509876,12.13018137,Electronics,4,null
Cars,P-9271,66,88,20.72075632,33.28564376,36,196,49.42931691,138.626459,147,148,2.491203065,4.491248065,44,90,19.8623235,39.82992096,33,86,15.56546542,40.04719035,25,139,44.47538321,113.5881133,7,128,40.43396514,93.32316831,44,102,17.92199137,44.65409738,22,177,38.75264198,59.31086805,136,139,40.19311638,65.53564738,73,102,11.11703155,21.40643347,142,172,47.29776932,77.65522523,Toys,3.4,null
Camera,P-4199,29,67,42.31269628,89.77990404,124,186,42.3197395,76.19810671,68,108,23.12375293,37.290868,152,153,27.36093901,53.72339012,86,107,36.93784675,58.96103704,93,94,44.1740078,111.2793172,62,159,39.17463154,74.06099105,65,149,10.2178214,23.61114087,23,96,35.57880026,66.44647261,146,179,29.3146887,46.47900504,86,100,8.871746124,14.53910649,49,77,9.012727684,25.09702364,Electronics,3.4,null
 Organizer,P-4371,8,117,27.54567174,75.50451843,38,89,38.19094948,109.1582259,0,109,40.74051558,99.41033716,30,65,40.51461915,92.77528689,17,181,41.11649505,102.4288711,32,137,37.27617065,62.19768598,84,159,24.85311656,61.22949312,44,65,33.89101601,67.1187176,15,139,47.72408799,114.4705671,56,82,44.43274457,100.6446811,27,66,28.1362021,46.37321191,108,179,23.2697032,58.17067658,Office Supplies,4.1,null
T-shirts,P-6200,10,76,5.71464831,13.12827988,12,193,24.52097855,59.31615401,24,85,49.2133071,120.2112047,34,188,29.09095069,57.90033812,59,101,11.08638059,30.44105609,54,58,21.45342622,50.66466597,12,74,15.91448973,25.09388091,41,54,37.73289362,90.73739809,36,160,49.52716891,139.5210119,54,120,29.63612018,64.60653859,40,124,38.47629332,72.81507738,177,196,47.47170001,110.9399749,Clothing,4.3,Summer
Headphones,P-6670,14,71,47.08275123,99.48123495,41,183,25.55664787,67.94505798,27,77,17.0782779,46.00676712,31,53,45.91313765,86.2702612,19,134,2.391782454,5.006410009,0,115,31.66414621,64.81192821,7,60,11.14120071,18.67045631,24,71,15.64911308,41.30484278,110,126,44.89011471,91.15460702,101,171,25.06524062,49.51369248,46,85,32.00807728,76.94302192,125,148,4.919682133,13.97932786,Electronics,4.5,null
Toys Dolls - 9030,P-4894,139,156,14.0291921,31.24069567,153,176,20.96368092,51.92405421,175,183,42.38263893,94.77271127,60,81,12.87895184,25.40408236,93,161,24.07089909,45.88507718,47,68,30.72248809,78.48259184,20,71,43.88783461,101.4206103,108,156,41.54018505,62.69281297,141,152,33.18794616,50.18149399,109,154,47.62796369,127.5502294,90,107,9.78904111,21.20555582,58,177,22.01043198,63.99558789,Toys,4.6,null
Serum,P-8287,37,92,8.999589545,21.07671344,84,161,28.66813029,76.98230625,128,139,46.74816946,121.7719979,147,163,32.77210546,73.68420876,6,171,23.07937117,65.0187712,39,193,8.770871745,21.26361638,30,173,9.921187121,24.6890118,19,119,31.27792541,56.50552234,48,118,5.874465933,13.02561661,46,153,16.99328357,38.96824836,22,54,21.20227036,32.7259838,58,99,28.88514966,48.16108819,Beauty,4.5,Winter
Pens,P-6677,37,75,31.51520155,75.25327789,145,196,35.95827731,107.0519578,114,133,8.071227295,14.52963949,135,168,44.15488589,125.7796857,83,148,16.3097332,34.87021145,12,72,31.35680544,63.35477427,88,105,24.82814631,60.3552704,58,116,48.06268466,105.8258421,19,132,23.59077285,59.21861822,20,146,45.10368033,104.1279188,0,169,35.80018797,61.59847228,123,173,14.93927639,32.07943651,Office Supplies,3.4,null
Pencils,P-3581,110,151,47.21267843,104.2997737,17,81,25.59204693,39.43178545,60,130,39.68124115,91.67190529,65,199,21.6900027,33.91650761,24,57,27.27150289,74.52324828,16,52,45.97185961,98.54299193,70,81,3.858697315,10.78252559,33,138,35.98912888,87.44112167,36,110,38.93117597,76.44003741,28,175,25.80030546,43.91152674,18,169,13.29882542,34.96931331,35,114,6.188895,17.55764959,Office Supplies,4.4,null
Scarfs,P-7915,132,172,14.55661977,35.85057715,55,190,39.32164951,65.69523921,56,93,12.16241685,32.61116525,30,118,24.46477096,60.10625449,21,144,16.29416523,41.27307174,51,136,37.73438347,101.6227569,78,146,38.16884294,67.06498299,140,144,10.18877171,22.10178599,58,84,37.14278896,67.11853582,60,136,17.67066277,27.02836808,62,114,5.990598224,10.31647753,75,86,46.34402999,118.563746,Clothing,3.3,Winter
Eraser,P-1667,23,54,14.07659395,28.38112254,9,56,23.15966422,64.77607793,1,196,32.30525452,91.10910254,47,60,9.999550082,16.37491223,100,165,20.27483043,42.31633725,67,174,2.172376117,5.230976661,43,81,28.10749886,72.04175027,1,62,3.459111158,9.226148385,0,140,22.4705689,52.68676129,30,70,12.29751579,20.30439338,69,110,31.88367076,67.2862814,108,155,18.42015793,28.9167651,Office Supplies,4.5,null
Mascara,P-2995,98,160,45.43985107,108.6002632,42,189,15.40245678,26.28713458,180,194,2.801901064,7.855796087,76,168,34.86118603,77.71508577,32,137,15.53879721,26.11061655,13,96,5.314133192,11.63149906,67,73,27.55932816,82.19444764,34,90,44.53852803,90.17185346,48,69,46.25389923,87.2914691,25,56,19.14442403,52.1802059,8,99,42.42814912,123.8954151,32,153,4.040582239,10.45909134,Beauty,3.4,null
Speaker,P-7546,47,170,4.162284922,10.83124875,9,117,47.74299344,106.4657724,90,135,6.394328674,10.79250867,32,149,3.711291654,7.86830128,3,92,22.82257884,49.32404031,123,148,23.30948974,67.55998315,28,168,21.65504771,48.29116462,40,108,30.97189407,70.43910464,1,198,48.06924571,131.4098727,4,74,19.75215926,57.90892342,105,146,36.67690716,64.88858768,25,76,2.895073526,8.672417256,Electronics,3.5,null
Shirt,P-9383,15,69,32.46777512,79.01368395,120,140,12.45898759,23.44773309,98,177,48.32804518,73.13995901,21,96,17.0853086,34.347031,74,116,40.04787626,104.3246807,19,196,24.99889065,47.37365206,18,76,48.50186485,122.70151,6,124,32.3039209,61.88228107,36,170,7.790668995,20.46453966,2,182,10.93170792,23.03948785,16,98,24.46117722,73.23135626,39,182,3.879039022,10.50760404,Clothing,5,null
Music Box,P-8802,161,183,26.12067286,48.17986205,31,91,40.40676339,116.8412267,22,90,17.04029973,42.79488958,143,144,22.69832239,67.61609778,6,91,19.1170276,56.19005328,74,119,31.02713836,70.595648,16,71,43.39419455,101.1878196,33,134,37.9771575,70.14259209,99,166,33.25194866,99.13763108,3,102,22.01051107,59.14778452,25,51,23.4007554,44.60629773,21,125,25.65753144,73.22888958,Toys,4.9,null
Multi colour pen,P-7413,39,53,42.33086489,126.8849859,13,69,32.10107341,48.84862974,198,198,11.81000354,22.22889095,148,197,34.14125798,89.22994182,0,149,23.50345846,57.982707,85,147,14.11722599,35.02049699,13,75,11.07350328,22.43560016,59,178,21.42323725,34.0131592,0,71,20.17456762,50.6040009,27,128,18.61288012,43.12168016,166,180,6.6187509,16.97437431,59,80,16.63484836,31.3615919,Office Supplies,4,null
Formals,P-1765,34,158,31.41536233,61.54377008,66,70,48.17217475,113.5633193,76,123,19.7159044,52.11473878,100,103,39.54296554,109.5472307,160,180,48.17324848,139.3188869,22,100,4.761067592,7.92399665,99,187,48.46434429,127.8680859,82,149,13.63154707,25.5318325,18,60,16.27934313,36.17639115,9,84,41.11515783,72.19474481,53,99,42.19366336,72.64153727,41,86,39.50243582,115.2186698,Clothing,4.4,null
Plusies,P-1612,41,154,17.5355834,26.97804321,93,181,40.00530515,65.14567998,40,149,41.63852468,76.43034071,94,122,10.20852369,15.82708981,102,173,32.60192024,53.28277003,14,51,31.71231827,63.34690768,22,55,33.63954703,60.76144177,127,195,9.708806418,25.54060783,36,178,30.23853495,61.84251215,112,175,5.776414457,13.94931797,122,193,35.09367464,55.28911821,145,158,49.54861305,114.4397649,Toys,3.5,null
 Tops ,P-8303,51,112,43.85319281,90.79227802,122,133,37.54356355,100.6432538,70,123,9.011647866,16.54837444,114,150,5.907115125,13.28596421,144,162,34.87903764,79.49433266,46,185,26.33628098,76.07947702,22,113,24.08232811,48.57531304,86,105,13.38380272,29.0105058,9,66,5.17797957,8.012170768,83,139,12.50430823,26.22018067,11,156,31.13602223,70.33003529,155,171,46.05061733,134.9884252,Clothing,4.1,Summer
Perfume,P-1124,53,54,17.82088942,36.84158982,122,127,36.8664942,92.95781872,68,86,16.66316031,49.72012576,50,89,2.875892598,8.128403116,82,87,10.33154762,23.99616449,39,146,17.45774264,49.05785661,84,99,23.9739852,66.87793502,55,165,44.8825106,105.605431,5,130,9.118783895,17.39065012,54,66,49.85794346,99.56456853,53,78,8.364587702,21.25994124,8,52,31.35332914,47.58031551,Beauty,3.5,Summer
Rubix cube,P-8757,28,113,21.80567199,53.43383342,112,120,35.72472691,70.86753107,18,179,28.19474168,49.87506069,23,170,21.33267028,45.22222554,59,60,45.41435732,109.2298146,41,55,16.88259696,45.76253211,29,199,3.154967815,9.23364967,60,162,28.60512074,45.39317928,53,96,41.63244927,113.2040993,84,172,41.1207005,64.68902672,19,126,13.25338852,20.94481688,23,190,3.332687127,6.981543084,Toys,5,null
Gaming  console,P-8077,36,75,44.06075421,66.60604772,128,128,18.74770219,30.3322248,65,100,29.17675306,49.98595053,47,100,26.43133847,78.8611495,29,87,49.3696782,75.28511583,56,89,45.61084248,106.6200814,22,73,25.69114151,41.68684429,32,90,20.24295967,60.20080664,64,110,15.3935774,25.08732438,60,65,33.8283063,68.41642188,76,88,42.89103324,66.48898415,53,81,7.767108439,20.9624547,Electronics,3.7,null
Building blocks,P-3153,27,69,14.87938731,26.38401474,44,62,22.45137152,46.78371087,25,104,9.293189744,27.75083467,4,182,8.477503768,24.61842344,58,108,30.55036184,87.67359226,159,168,5.243113006,10.7162434,110,176,8.26406576,14.68510404,129,149,34.45352865,59.56022364,15,61,12.9365298,27.99382861,121,127,7.281460337,11.32026951,3,127,36.3275204,79.77122872,21,52,42.85811902,96.12064843,Toys,4.1,null
Scales,P-7150,128,133,33.40365718,68.65209918,30,161,37.63898036,60.80639545,179,192,43.24315615,73.50499358,10,127,34.66338701,103.8453556,101,130,15.38626218,28.21789907,162,192,44.17461916,104.737,64,155,38.74839926,92.52995996,92,120,4.059840039,10.65495702,24,162,2.811512257,5.90904607,39,172,28.47460967,79.79273304,44,148,15.84905904,41.935737,28,117,15.39277057,35.12349107,Office Supplies,3.6,null
Sand Bucket,P-6217,4,168,45.28915513,105.2278691,144,176,4.536753633,7.704251706,3,62,3.614274621,7.721299044,37,136,11.69206617,22.85620274,100,104,25.08802848,56.86161691,99,149,33.00740266,55.63188503,48,163,10.18342787,18.98325026,159,162,22.56989298,36.32929618,150,197,12.28722833,35.8403717,188,196,15.52561096,24.59203642,2,139,7.121857002,19.80419877,169,171,24.74713883,50.78160635,Toys,3,Summer
Stapler,P-1938,24,54,39.72188582,79.50317458,151,172,10.97819,30.51952961,119,154,20.14748968,47.95959205,83,129,19.39383735,57.29265326,27,109,11.03844251,30.73215714,30,178,32.46294468,74.61022066,35,133,19.86853704,53.71433675,21,129,37.40135585,81.91791675,30,53,31.4026913,73.32990271,130,176,33.56941353,80.02141557,21,176,4.904811066,11.56334418,11,50,4.221752925,8.76321781,Office Supplies,3.9,null
Midis,P-4426,7,103,43.89611296,97.32424793,108,148,48.70288371,73.11236532,107,140,16.01903165,29.73083994,7,95,9.560525325,22.3272046,63,152,8.126198721,22.37228898,57,60,23.1721449,35.83717978,105,120,3.106211194,8.216031773,78,162,17.96789679,46.73966815,30,67,17.66380871,36.71864776,103,159,32.84894105,58.21616247,93,187,23.06113377,47.31421839,10,195,47.27487594,131.8801025,Clothing,3.3,Summer
Maxi Dresses,P-2912,3,68,16.02381841,34.77222296,50,136,6.252659263,17.41617876,40,198,29.08298677,52.1607001,66,77,5.263929884,10.98749365,12,170,46.28598822,84.49997646,32,133,33.59323147,51.65697485,22,162,21.56216374,49.59164237,72,190,34.34768068,77.66784051,36,88,44.53556286,112.0230411,2,139,21.68355383,50.22225189,45,124,5.49838509,15.15127642,77,134,11.37940696,28.49511469,Clothing,3.5,Winter
Notebooks,P-8205,12,99,7.635545545,19.98933242,161,196,37.45846955,107.937847,15,57,4.304922419,9.77487682,126,182,29.05460446,63.77639831,82,109,48.69318844,85.48010887,87,132,47.38279684,78.33356598,87,104,3.416550728,7.831897549,0,86,43.98474804,83.05300708,93,122,33.43446241,91.58484211,64,91,14.93299349,43.49116685,17,98,17.58888435,33.14095559,66,197,6.925735732,20.0317133,Office Supplies,3.9,null
gel Pens,P-8259,162,166,18.94353858,42.71714186,72,97,28.10830908,68.76258599,31,81,35.30198703,100.9206693,19,53,2.495320945,6.848924103,44,59,13.56192182,22.57230208,10,157,2.658540017,4.536767835,17,119,43.7583194,89.24600713,1,54,18.67253257,35.382949,63,91,4.197106811,11.29389572,68,75,44.97421628,69.14485608,11,163,28.21004123,81.37483317,21,86,48.17476197,142.1040167,Office Supplies,3.3,null
Shorts,P-4904,82,150,6.923771513,12.91548872,69,102,38.67324268,62.30650955,128,168,24.32550837,52.22638588,49,79,34.95069806,78.20687625,189,191,8.297010209,18.05428321,42,198,36.67336956,86.15842483,7,94,3.270400926,6.145774021,89,123,47.94304803,100.3545796,99,178,14.78799911,35.25122388,64,141,44.23578336,84.56373166,60,89,49.87326588,128.4350607,4,71,26.73981941,70.35046958,Clothing,4.7,Summer
Wired earphones,P-7622,0,198,26.84202776,52.73413503,62,144,5.929175382,11.94607931,36,168,29.89440234,55.37919905,18,136,49.82406452,128.666592,13,176,47.28044207,81.19770675,71,107,43.0248364,112.2439993,102,109,47.1538683,90.95477982,88,150,7.631320193,21.03452389,7,177,42.93845996,118.1901523,112,176,27.87939263,76.06707301,95,113,9.937412397,29.00762256,109,188,11.17168785,18.8814303,Electronics,3.7,null
Skirts,P-4720,118,185,3.226082182,8.254449483,83,127,22.13866909,44.76087159,5,51,49.60313264,93.82542164,32,56,42.12827524,117.7380095,0,57,3.60370168,5.98276932,89,91,26.12782044,43.17959561,100,113,19.74255611,35.02863179,70,144,13.12784599,26.85406301,78,164,46.82156831,88.28170701,11,97,6.72133487,14.14532854,74,165,16.81300908,40.88062776,73,126,30.07534307,56.39460627,Clothing,4.8,Summer
Sketch book,P-9683,41,73,49.12012608,140.7447469,11,199,33.60550504,58.00258122,34,52,40.44397421,62.08493994,43,50,12.48159505,19.52186194,19,175,28.64786948,83.40047259,43,84,44.65623277,91.31796632,160,181,8.339676473,23.86014354,94,100,29.28084017,55.12463063,97,141,22.88153464,51.13750118,86,166,42.31826828,112.1580011,8,158,6.171567677,16.39448831,50,100,29.90858538,64.46183031,Office Supplies,4.6,null
Capries,P-6756,40,192,34.33251936,60.59902955,29,91,24.03891995,38.08275328,72,121,24.61269177,45.46554447,44,165,44.25607103,102.8217526,182,200,20.89909405,40.59577472,159,196,23.59645242,61.25000851,36,53,48.63047229,93.11463937,115,162,42.74890243,110.8021635,68,107,29.08377971,67.38050956,13,85,22.96696616,52.15323015,100,186,3.498788494,7.062906967,173,174,15.69389931,43.56902134,Clothing,3.5,Summer
Primer,P-2345,50,123,8.559287108,13.06196064,67,110,28.04913837,70.75212491,70,192,4.00192905,11.26908748,2,105,15.46759069,23.2678728,32,159,44.63006439,128.3645599,90,146,18.40410349,41.81491843,160,160,2.230295575,3.586030839,26,146,38.44673885,95.64344417,131,137,16.7570784,25.55722279,18,107,10.4326461,21.29480238,148,185,49.4510749,87.54130953,71,127,37.51984014,98.66036763,Beauty,3.8,null
face Mask,P-7843,32,74,8.829606466,16.96256563,22,109,25.53538847,68.97988917,64,174,32.40997784,91.18600618,67,70,38.33037312,95.0756557,18,50,13.5541476,24.44255311,50,89,7.99130139,18.34100068,5,63,48.99109443,109.4683638,44,59,42.0401317,78.18173218,26,188,19.63244679,35.51758162,51,74,35.19755403,73.71570804,68,187,44.45638621,78.82030062,99,145,30.26203974,73.1038316,Beauty,4.1,Winter
Halter tops,P-1187,57,154,6.462393808,11.89452546,13,143,45.30122336,107.2862441,86,164,12.94780683,26.37226753,104,168,25.47658213,51.4773081,93,113,11.66134963,19.22174269,102,104,47.11727475,111.0287744,0,94,9.84032329,27.5442549,55,137,42.15392729,71.37472536,14,66,17.44755677,34.00833427,11,69,22.9394498,61.2790561,75,81,6.414750367,18.38182313,62,114,44.97688544,107.9032314,Clothing,4.8,Rainy
Earpods,P-3420,60,147,4.859622375,8.862448538,22,165,14.71202548,25.76929047,19,50,21.80294183,40.40814016,50,69,46.70303339,87.41066263,19,101,2.507426448,5.50771512,64,176,36.87223776,78.19063178,59,132,37.75279148,71.55448645,8,132,38.70245849,79.05251205,18,193,29.11673995,50.78996035,3,63,36.19474628,108.5027258,68,160,33.86428906,51.62911283,113,182,4.959632902,8.511999597,Electronics,4.5,null
Chains,P-3827,15,200,38.33360044,78.6142915,98,139,39.92278665,66.56850298,97,174,38.80406318,84.96756681,61,106,40.51830971,63.57654166,168,170,4.558452672,7.220484262,100,172,47.1498281,124.7444469,65,184,38.34924173,72.30885531,13,61,10.46496797,26.14052306,52,190,26.13486328,40.16821657,9,69,4.888375008,8.46410809,24,92,15.34701069,23.57660961,148,193,35.00922484,88.29397675,Clothing,4.9,Winter
Mouse,P-7577,27,55,20.47667436,57.31166987,166,175,12.22699072,27.25049417,126,191,6.554292304,15.47686802,80,155,4.571558518,9.399291452,73,100,40.33529744,97.18854763,34,163,18.84034723,54.82326335,14,191,17.92068902,36.01467156,71,96,48.65627118,125.2573548,7,138,16.24857814,42.25318726,58,81,26.74230594,51.87852776,68,186,34.84619899,71.61582413,45,109,40.86849398,110.8490543,Electronics,4.3,null
Video Camera,P-5637,108,178,10.39438403,18.07611188,105,139,13.23773428,37.57920156,179,198,24.37694548,63.3193856,94,189,15.65396391,36.49086149,62,81,29.03783715,86.66837201,160,178,29.25259249,77.36806296,37,82,12.00870929,26.92559089,68,196,45.79172128,72.98979697,73,178,5.333053612,15.13512206,47,133,29.49012393,49.50251876,29,159,5.142448123,11.73944102,41,182,11.19691118,20.60167559,Electronics,4.6,null
Ball,P-4906,21,157,5.910649343,15.50933019,4,171,18.35086794,53.30346697,31,119,23.45520126,38.98832607,2,183,26.42003999,72.0332865,124,132,5.873081281,14.47289221,8,93,9.152121514,21.06959308,47,71,38.2069572,68.48840132,48,64,38.85995608,93.90791857,62,92,28.35885931,64.33667246,58,130,3.227781675,8.607582276,76,198,36.65173363,99.02323832,41,77,41.67764901,110.5757412,Toys,4.9,Summer
Portable Speakers,P-9884,131,157,2.47845615,5.768794579,24,60,42.76710435,88.76284001,70,183,20.26502602,52.00524619,38,53,13.14079308,25.38643755,71,151,12.00685642,31.73097331,55,76,27.39140032,43.35952446,55,174,16.49929177,31.37352523,80,168,18.304391,53.98046806,24,62,40.28671111,107.2952643,15,161,39.23706227,74.88818071,21,104,44.09517526,115.8757088,33,187,27.59708138,45.04789718,Electronics,3.2,null
Mechanical Pencils,P-5493,75,76,2.9110757,4.764752837,83,95,34.59357911,53.32732993,71,73,17.76818465,41.26230488,74,145,29.58632943,86.47106211,51,71,18.36488847,54.9800518,17,60,29.15913996,46.91427221,99,117,25.92827342,50.18753436,3,183,35.47938678,58.34164384,197,200,44.7628407,115.4886838,102,111,49.22382649,126.4727224,31,53,21.7861312,43.45510033,7,80,13.18770943,26.56641844,Office Supplies,3.3,null
Lip Mask,P-3377,81,167,28.75306255,48.46740453,22,133,14.83531639,24.62712397,111,176,30.99387125,75.86195778,5,78,19.09126056,40.15369472,73,137,11.78688503,30.39044529,184,197,39.01421596,75.16957447,137,154,28.4858851,77.59483874,55,168,3.898589535,9.331163053,46,159,5.898282125,14.9926542,48,57,4.631456286,7.082053888,34,93,8.169957176,21.44586565,55,197,22.13750005,50.04243694,Beauty,4.2,null
Shampoo,P-9548,69,172,12.45883212,26.88962536,54,111,48.7868509,82.54602254,145,194,38.29879958,107.7898012,23,55,38.13223488,96.5505232,103,106,8.018615907,15.98101807,37,72,44.13330985,74.92545274,76,108,14.03449194,23.40149026,1,73,41.91928218,122.7617098,43,77,27.02568972,48.78368085,9,128,39.05241223,68.37320607,24,86,24.90560933,56.91038662,2,67,12.65215078,28.69848809,Beauty,3.2,null
Handmade paper,P-7238,69,83,42.13864192,80.07460891,31,97,44.21094626,114.3906115,104,150,23.99802311,44.98575735,13,130,33.26789389,90.37989137,55,154,48.26048954,85.10266003,39,107,3.858908724,9.502481218,61,158,38.536938,111.3787469,51,123,42.94992566,80.769254,66,101,2.91327829,8.101719551,61,80,16.70618413,41.42890272,83,119,18.95684951,49.83309816,50,120,15.56379394,24.0329778,Office Supplies,4.4,null
Broches,P-2373,20,79,9.007717393,18.49588282,30,54,10.24973044,24.52297941,147,187,36.03940059,73.44135439,3,145,9.316161739,14.66827572,137,174,2.084448033,5.274536439,5,162,2.561525659,7.106130833,88,134,37.9386262,81.21081652,34,128,3.499625042,9.832187774,59,80,29.75456673,52.90212075,16,73,5.88263249,13.4574167,173,192,36.35210223,59.05767036,27,87,10.06794668,27.10645778,Clothing,3.1,null
Geometry Box,P-1322,96,103,32.84823643,74.52563682,104,141,40.37913734,114.6473911,79,199,33.41232417,82.01489788,55,115,45.11041415,73.30824966,95,130,13.9056639,31.66114333,178,197,49.86778816,86.86062771,40,105,45.19845147,104.8165926,36,177,42.43388939,83.68653458,39,117,41.36297608,82.70137005,70,92,34.53298088,55.34229892,2,116,28.8650002,54.39818366,111,111,30.45303664,63.40885321,Office Supplies,3.7,null
Yo-yo,P-8680,2,97,6.670384947,16.39469151,18,61,31.33423685,85.4487938,183,185,15.80948889,30.24767933,67,166,30.66471739,89.3262692,2,143,9.629455608,26.04056787,6,195,45.84725791,132.9628652,97,110,42.6996895,110.9416421,14,137,38.48129703,81.87023637,2,107,49.63782999,121.2312886,95,145,15.56204264,28.49813566,59,85,20.53922611,52.73182976,15,140,21.13282675,53.62621958,Toys,4.8,null
Crew neck tees,P-3340,163,173,35.02318057,92.90666032,14,132,13.3337602,28.00779501,57,90,32.6159202,66.59417113,67,158,22.9716396,65.76167576,68,197,5.297589665,15.7876188,111,179,40.25282455,72.58815095,103,143,37.01977486,76.33620532,2,114,21.44025454,37.41641813,15,78,10.50091044,25.91083234,97,109,31.38099864,47.70942649,71,150,37.28145371,108.1960915,138,149,21.23962753,33.22385332,Clothing,3.1,Winter
Air fryer,P-3420,12,64,40.72832549,89.59046261,72,107,27.61110198,71.62267291,96,200,9.607059715,21.57691183,42,148,46.64147542,83.72320411,92,107,28.82514242,48.32453795,18,79,22.69952452,40.21540336,1,71,36.2569446,78.13996573,50,178,35.39557374,84.84106578,8,51,33.64633879,83.20783531,52,57,38.65001598,87.92993625,86,139,16.53690138,43.86054579,35,109,43.08847268,99.56587658,Electronics,3.2,null
Unruled Book,P-9176,59,101,30.93006494,51.82366976,57,75,6.373233589,15.80402615,26,126,41.3906527,121.4997577,41,114,46.12685263,90.94312834,46,62,44.42924201,96.7358572,14,157,4.2683422,12.73530011,60,133,6.39234343,15.94005641,119,181,36.57166937,98.10740455,37,105,2.919610256,4.404622044,4,68,15.89028792,45.14407394,17,109,28.57018227,50.16263378,119,174,34.21271631,86.20209112,Office Supplies,3.6,null
Rose water,P-2688,91,153,30.28901106,57.20144265,27,190,22.49537154,41.49239736,52,75,33.80153026,55.78403006,39,52,2.172783986,5.481229009,50,93,44.89932701,82.43093711,1,107,46.84470714,104.0557681,47,184,20.01637621,31.74797462,159,195,38.41425776,110.4020234,80,143,29.79723115,59.53417588,123,130,44.6631089,68.24906233,111,181,3.918428281,10.14772845,79,156,16.77118922,30.8997315,Beauty,3,null
Bronzer,P-6895,45,155,37.36388012,65.43514325,93,118,14.80300772,39.91203426,97,185,7.131013557,12.76896998,14,109,41.12752146,72.02586914,115,194,28.3667703,62.80945789,70,130,4.612603536,7.313555034,61,113,15.13101992,39.69812554,80,123,34.24672664,54.24004722,122,170,47.33700948,136.4331364,7,92,6.238132662,15.69089738,30,82,9.113484124,15.14285275,124,150,43.3180183,107.8566215,Beauty,4.9,null
Folder,P-6324,33,54,21.57915432,46.67394686,85,98,41.60088709,120.1886251,14,54,30.53002966,61.5975259,114,143,23.5753159,38.30109293,6,83,47.09532416,89.18492489,99,116,41.17197336,99.13822009,19,156,47.11721645,83.8191886,180,185,14.95309957,33.38664327,83,118,19.82872344,44.4016819,0,153,49.81318008,143.714928,83,112,34.83320294,77.17168161,61,173,36.58839811,76.99387952,Office Supplies,3.8,null
Toy train,P-3366,11,103,46.89588111,98.76373207,127,138,19.03177078,50.77271706,16,153,18.36897015,30.08552464,180,183,9.475611013,22.67163983,134,181,8.089342309,18.81961118,48,70,6.664754006,16.63065464,69,74,24.25115481,44.54318851,123,143,22.16555177,61.40386597,117,143,12.96850995,31.93797508,13,87,17.4003676,28.75490046,76,177,47.23044241,96.9972745,69,157,9.979328143,19.72899388,Toys,4.9,null
Jumpsuits,P-7672,7,130,11.00494809,21.78890866,139,165,6.511235573,19.43863848,149,164,21.00830819,47.92332517,55,57,32.79130659,65.57109287,6,67,7.923287103,20.54869165,27,93,26.4180588,45.37043605,19,140,40.54327086,61.20759173,3,63,28.13448727,74.58644703,84,121,2.165182223,3.398941751,55,99,42.10833787,63.96104526,79,92,16.87327319,28.70063574,139,170,44.24808832,106.14698,Clothing,4.4,Winter
Waist Chains,P-5915,36,82,40.42969693,86.27312692,12,74,22.88383737,63.37512783,2,50,44.73483662,73.26624485,52,169,12.23678203,35.48605983,34,159,42.83138686,79.36546552,16,179,11.01329014,16.99276969,83,107,30.07919117,56.61456293,67,69,18.23748867,49.60165088,8,95,35.58864364,95.78878941,124,144,41.69811696,93.65339546,60,187,21.04889065,62.70600705,41,200,41.97684754,86.05622786,Clothing,4.6,Summer
Printing Paper,P-3762,50,103,45.14946534,109.402272,44,190,47.76941331,109.7803279,56,187,26.82030688,42.92254812,66,125,29.81433395,50.63896535,79,136,12.36508262,30.96379601,23,78,4.50517884,9.635093759,52,165,44.62844321,102.8101945,82,160,47.09290827,119.9251866,42,82,42.01810504,97.22278794,40,97,28.47511655,50.90210687,125,137,48.74521116,94.80161834,6,169,6.233979153,17.65591087,Office Supplies,4.1,null
Rubber Duck,P-2094,46,174,19.34099882,49.59661975,13,132,40.26394661,64.58244691,44,121,47.21892309,77.05658645,31,71,33.14089479,53.65470807,65,87,28.34313181,63.71300702,13,171,34.7732557,78.46010565,127,129,5.935680533,10.37148973,100,137,23.88568925,37.16536721,15,51,10.04733214,27.24283501,63,75,25.0908772,60.27732047,30,76,18.6941699,28.99363818,86,158,2.80543112,4.374747104,Toys,3.9,Rainy
Files,P-1685,31,175,32.78273624,69.11699459,47,155,9.63785113,27.59229471,92,123,29.56765663,58.38549346,69,159,35.0950029,66.74120522,29,173,19.15229572,31.36955948,12,64,8.132327566,12.90205626,1,50,29.42246914,83.91077094,77,181,47.49431228,71.73580665,132,187,16.35229767,24.98379473,70,75,4.0250098,11.79122461,4,54,20.52940701,46.85428415,56,63,44.24573135,118.589675,Office Supplies,3.2,null
Stapler pins,P-8525,4,185,31.56954149,93.31356818,146,200,6.927702527,12.50271616,175,188,28.70864068,84.95695017,57,92,48.77390952,118.4644259,96,108,27.14172255,69.09850038,16,60,18.65864652,48.06892372,23,133,19.27303281,48.6049763,27,135,38.74000813,91.43525477,111,115,23.61037865,59.7585489,68,88,8.409154191,21.41270883,43,117,30.7125793,47.44350182,185,185,44.93779402,99.91521734,Office Supplies,4.8,null
Jackets,P-7160,58,62,8.634296861,23.59164105,169,195,2.618826513,6.757915329,137,180,20.20146579,57.07571564,98,134,30.09783924,88.25576475,108,113,48.1509542,84.88096976,31,180,9.907418677,28.46849161,113,163,42.47406241,72.78508459,56,85,4.395789941,11.33717673,17,96,14.06144965,27.46705306,73,93,46.21446108,73.47628607,27,74,20.63660055,48.81811447,92,112,39.77590368,81.46175035,Clothing,4.7,Winter
Nose rings,P-5899,140,191,11.53379375,19.41811991,39,79,49.21928189,144.0887851,29,144,26.01095047,60.93291136,133,142,20.07859024,33.80285511,9,53,31.0058603,79.75744924,8,159,46.28459783,122.0240837,15,198,26.91479416,64.94381442,74,147,30.57966599,51.27452819,42,132,35.4353197,57.67490008,121,182,24.63574613,72.08552379,72,83,29.36395047,68.41501541,59,169,39.0761617,76.42810985,Clothing,3.7,null
Eyeliner,P-1231,11,73,29.54616893,59.77451159,115,176,44.31053383,94.66449434,28,110,7.379752265,21.46378156,49,78,29.76712849,45.80706741,2,97,25.49293153,61.58324557,74,151,34.58451082,92.78675449,144,173,42.0906894,95.76262861,0,183,33.96101067,55.13590061,69,72,42.90103289,97.84857585,19,110,8.696993,25.75995001,82,150,11.5503771,34.17321298,62,77,23.28325553,40.66860044,Beauty,3.3,null
Lipstick,P-4839,33,157,45.92690245,88.02060665,24,117,10.52043471,26.60761494,5,175,13.07830204,27.22284126,17,51,17.81322708,37.19255133,61,98,13.72601244,31.9791428,136,149,36.27687494,78.0687735,102,181,43.51317206,84.40197684,153,166,43.56949686,118.6110364,16,195,27.65429749,60.87396234,77,113,45.50922047,101.5750529,60,163,28.62542388,67.36283021,48,97,20.31986392,35.75763181,Beauty,3.9,null
Lip Balm,P-1255,0,147,20.86870839,47.69359626,42,56,13.88138532,28.97900744,50,65,32.85628418,83.32171329,64,76,4.535097911,6.948845723,150,159,17.13532949,25.84161479,62,87,4.655280449,12.69981977,14,91,32.95593021,83.1122546,31,67,29.12968753,74.16314401,39,77,23.26881956,44.13210704,150,195,47.98458673,139.2529798,34,56,27.96358147,73.91207968,96,149,47.20581821,90.28254279,Beauty,3.6,WInter
Eyeshadow,P-8813,46,116,22.23973902,56.77136235,128,134,12.36654675,27.1480432,7,77,21.62656817,44.33063875,52,111,5.932381905,17.44515551,22,83,37.47843898,107.91055,46,99,19.39181227,49.78936016,155,181,16.05889725,34.58235933,81,90,4.408968546,8.377412747,66,75,11.17849482,31.8523581,6,56,5.346551377,9.762608889,19,103,35.2408367,79.43909529,35,61,49.54952251,118.0020371,Beauty,3.9,null
Paper clips,P-1652,99,102,45.17382833,105.3131022,65,69,8.317849606,16.83239433,30,92,26.1809411,73.91854163,109,114,13.76992759,34.67722817,13,181,10.14413514,21.72525185,41,175,17.56602544,42.94777327,29,143,5.745097278,16.93077789,30,140,33.7619681,93.37472851,15,116,44.17808064,88.60656415,157,188,25.61722405,43.76217536,49,53,8.459292542,21.59521336,29,61,45.70761736,107.1215526,Office Supplies,4.9,null
Bear,P-4119,33,66,31.79861222,52.67833252,8,76,10.16191966,15.40441682,137,147,33.06175914,87.83023873,89,107,43.14693455,81.19084267,80,150,35.35109234,63.77294965,8,108,14.01214851,35.57761923,58,166,17.00457865,28.92933423,89,167,43.23053529,113.2517531,34,87,39.52357747,105.5248474,115,199,48.03128538,87.92409436,0,76,44.7066479,73.13904017,54,77,28.22578832,80.63226386,Toys,4.5,null
Smart Watch,P-5348,85,190,27.23612011,72.64180773,61,169,39.34117061,72.96013602,112,166,45.75684826,120.3528118,10,90,36.03091283,58.50446889,48,161,36.68551491,104.0591115,65,87,45.7965007,95.2555514,39,169,5.150088431,8.169617245,110,131,34.63723615,103.0048121,72,117,43.50118129,126.9908458,51,161,22.09545624,40.052874,41,167,27.19279161,40.91652455,43,55,18.82163675,54.48418656,Electronics,4.8,null
Correcter,P-9045,79,114,22.85708926,65.60149578,33,90,38.58734628,95.3912152,91,163,21.96827677,51.80769453,49,55,32.20271956,63.40747646,4,187,17.0891493,45.45696441,33,134,48.20532641,109.5797381,1,109,31.11711006,88.74074963,63,96,28.41449021,59.39260042,88,120,32.10346678,57.81236093,152,178,2.446627178,4.216289732,102,111,29.86321865,71.16890066,62,149,16.82363601,36.76709576,Office Supplies,4.5,null
Oxymeter,P-9945,90,127,38.47790862,69.93971077,19,126,2.240116669,3.899326575,6,70,16.579931,36.50686707,35,126,27.47716166,58.66287264,29,171,21.88141627,38.30296603,33,178,43.7999496,106.4050839,38,89,12.60219563,19.33475956,101,148,17.91934556,34.01008534,29,128,23.46261073,55.60534713,80,96,24.05408413,67.03789967,149,174,10.51570841,18.79816696,155,172,47.16111089,105.2963122,Electronics,3.9,Rainy
Rubber duck,P-1611,56,129,44.01062655,78.7280655,73,104,16.59526648,48.45202537,2,94,4.883806629,12.89235025,25,124,21.90982662,39.06402871,105,148,21.81231956,50.96793528,7,187,24.37856839,61.99730666,22,73,5.987969623,10.94917288,12,71,4.874799956,10.49312308,54,91,41.09237536,114.989984,54,81,4.223230232,6.971028181,103,139,22.40425925,43.58903245,36,140,11.98406854,22.02366979,Toys,3.4,null
Sweatshirts,P-4634,1,114,44.33648256,72.00565261,31,135,43.60708405,119.9709592,20,54,6.758430864,13.8250083,28,65,17.29709897,26.5010905,132,148,32.21007691,93.51753852,107,119,8.861246397,22.38254866,31,176,39.86091263,91.85788417,41,111,31.55221808,63.34058046,55,137,3.100259194,7.844870471,36,144,46.43216304,111.143092,83,161,8.76712112,25.89812215,48,72,20.70992473,32.85712797,Clothing,3.5,Winter
Ball Pens,P-7228,35,62,15.50412655,41.08515973,90,91,33.31392548,85.9000899,62,129,38.93715996,96.02360376,101,119,11.55771906,17.57505413,60,149,33.73469185,74.941123,109,143,33.98997295,85.9235563,117,126,47.62665822,85.60345754,1,75,9.643887967,21.4245751,6,83,17.79994747,38.62174774,95,190,7.088995763,21.07508167,89,197,27.55087717,59.30767748,49,97,33.6269695,61.90894408,Office Supplies,5,null
Tank tops,P-8854,67,107,21.50634865,48.12355543,4,167,49.10260893,105.8647417,8,87,35.97680851,81.67479577,66,80,28.0810059,83.84007752,102,195,16.32367222,39.18269861,32,128,2.352010703,5.446501997,1,155,29.21739117,51.51289931,16,137,44.68878625,126.8183552,108,176,20.68220079,59.51649565,12,117,29.40885984,87.13367548,85,92,45.35601312,82.97236072,27,196,15.22124563,34.5277196,Clothing,4.5,Summer
Leggings,P-6000,78,108,37.76305344,105.6241305,55,62,45.79437357,75.08459387,127,139,17.98303899,29.81356331,93,142,35.33529179,64.19970022,2,72,32.62607401,79.83851918,29,180,28.07643735,48.77423315,184,198,34.4016917,98.00317405,22,181,6.343362347,16.86569544,101,153,15.73329548,44.37532426,0,159,47.16008108,97.21331656,65,145,46.48240935,91.90745077,103,162,22.72850909,64.70962881,Clothing,3.4,Rainy
Cargo pants,P-1185,58,127,15.7807181,26.82603857,63,178,45.64619892,106.8287121,129,175,35.1091777,61.34883903,8,174,37.44112844,72.28026911,0,120,38.09587888,60.65386285,20,120,8.244279914,13.15531169,8,173,19.44712524,44.33925189,119,174,48.15341116,90.32012018,37,77,24.57819707,46.25542129,34,72,42.13161911,116.7579558,82,136,37.50254418,105.3670699,11,67,8.588966127,14.66866971,Office Supplies,3.9,Winter
Toner,P-9459,4,73,24.03217619,68.84504856,33,163,13.69397226,21.39411766,121,183,16.43441621,31.76760568,10,102,31.83552106,70.35693964,5,109,48.98051334,137.554388,101,133,32.43008194,85.02971366,39,52,33.33299309,96.19916943,34,70,8.360049375,16.19209256,96,170,39.87098934,88.50704676,16,137,20.56391533,39.65550131,47,106,25.64879845,48.707423,36,71,37.77698687,76.40156831,Beauty,3.1,null
Crop tops,P-8594,90,171,34.7132435,82.22033673,111,181,22.89051536,53.25435205,90,176,32.27453219,96.37745232,50,113,19.47692002,54.83307541,13,50,23.95093852,62.2128431,39,139,29.85884727,75.93959958,76,91,2.454975501,6.94190993,114,176,45.44239372,128.7651458,38,151,17.34869152,50.56502677,43,102,47.90451226,136.362995,83,143,12.65705749,24.97687331,49,74,11.29596793,18.31612232,Clothing,4.5,Summer
Body mist,P-2114,66,134,9.807034232,17.56110515,39,80,12.80797542,31.00624521,181,193,27.54006223,72.75817559,120,200,22.47975154,59.67177188,65,138,46.30849925,105.8217892,105,152,38.94886871,66.63235641,77,135,23.38438506,61.8167022,34,66,26.94195702,50.18176364,70,145,35.59849054,69.40893282,91,173,2.653180748,5.13764901,12,96,11.79440071,19.67964704,12,73,13.72756005,22.18885782,Beauty,4.5,null
Conditioner,P-3467,95,110,38.39442617,96.13726322,110,183,40.70784511,62.85969232,2,196,13.69589765,31.26880289,24,58,2.004169173,3.797670996,130,143,32.45117157,94.19473683,92,138,49.62914912,136.3582217,58,69,35.45447227,99.93716761,43,56,22.88519921,45.66542517,137,156,41.44479798,96.86229987,3,157,7.53163192,11.88573488,7,61,28.69113628,48.61477399,74,80,10.86999811,19.0233193,Beauty,4.3,null
Toy Aeroplane,P-8921,74,144,29.89659662,56.5851917,42,99,36.63465311,97.88660609,68,71,19.76970354,39.3447093,39,131,44.66277336,133.1841755,125,162,31.08842403,50.31876638,76,119,3.254114351,6.729070485,29,91,47.77233095,76.09514725,145,178,16.68676475,35.43949501,143,167,19.23940761,46.94022489,13,61,14.97938741,40.55547894,19,96,49.71711636,120.860418,118,138,10.3189558,26.55917166,Toys,4,null
Sweatpants,P-9621,112,195,23.26853544,51.01508558,66,102,37.03351237,79.77342225,3,84,16.78702454,48.79149453,55,111,35.70415193,90.3688444,36,100,4.389794063,13.02896805,103,178,43.2840213,122.7757262,11,87,23.61367166,68.78115788,8,200,20.76870179,43.67512492,58,141,28.86445885,52.9861544,29,100,17.43547907,47.22308009,1,99,26.56699267,69.61809659,32,194,25.17602793,54.43788616,Clothing,4.3,Winter
Paper weight,P-7424,26,72,44.97541112,75.07070904,148,158,34.1281309,82.04601311,24,58,47.70402287,135.6940305,96,181,35.21979244,60.57802449,81,164,31.05256175,83.93079884,150,169,41.98347366,123.4487242,7,89,32.58416681,62.967126,68,138,42.85879202,105.1214328,89,108,37.390756,93.30239603,73,98,26.7009081,62.94958903,80,82,5.000450021,12.38959132,86,191,9.993669896,16.56068703,Office Supplies,4.8,null
Bobbleheads,P-9840,50,110,39.16941297,82.69010944,6,54,6.942766308,16.71150798,59,100,40.27938147,118.1036371,18,116,32.61579599,75.90524231,46,50,37.90585889,100.6834652,58,84,7.396135703,21.11583348,106,121,20.92975813,32.35181633,71,80,20.47270976,60.68309765,5,185,42.85968025,128.4326865,94,112,5.089355569,10.90624467,14,113,19.78143584,38.61476014,54,160,12.96073083,30.19266354,Toys,3.2,null
Mixer,P-2047,48,89,42.25762402,75.68152874,93,108,7.03030535,13.38729547,98,115,2.305233513,3.958869229,57,160,23.825638,50.27494474,63,154,2.32845187,4.490995051,89,194,27.99665625,82.27151616,74,96,46.49718305,118.29939,136,183,32.09865662,72.31613133,23,125,31.24473821,72.90365499,17,93,37.70761516,81.12158198,7,179,32.84075279,64.74142991,62,169,8.854561179,24.08170102,Electronics,3.1,null
Sweater,P-3357,86,102,20.39596617,54.58122598,138,173,38.81735456,93.16538935,36,79,39.5169179,117.2556222,36,114,44.94676507,124.7765444,21,148,28.85239578,62.89356359,94,121,25.27883827,71.4208778,175,180,10.24071698,27.70540312,74,117,7.7199817,15.33223945,12,99,40.83404226,90.22934801,48,65,25.55029772,45.35521145,117,154,35.76816962,76.22654418,25,181,49.66454321,144.5240943,Clothing,4.5,Winter
Corset,P-4986,165,182,36.19346011,64.90201247,56,102,25.37441936,56.39670475,25,173,42.49170515,86.35202473,2,199,2.162103958,4.413407417,78,140,45.09682019,82.50423784,104,166,30.62034604,89.08031811,17,60,22.23825984,63.34110706,173,179,18.96764173,53.00202224,35,53,44.57858342,80.2009294,75,124,29.89082894,68.11995134,154,156,22.89516211,64.67802917,10,168,45.79569388,114.2838761,Clothing,3.9,Summer
Home Assistant,P-4638,112,148,30.76607909,64.94376686,69,100,41.38281752,109.0098836,30,182,43.26497775,98.21002418,6,105,39.83173241,77.23509007,7,64,28.71567038,76.28668339,55,92,21.69145149,63.24614546,131,173,15.69099577,37.70737842,66,178,3.501792916,6.389172537,34,50,18.40250485,36.52964431,31,71,4.003328662,9.532381506,65,129,25.14054237,60.4862164,85,192,36.31084887,91.86287762,Electronics,3.1,null
Co-ord sets,P-3642,12,127,20.01204981,49.45521735,93,110,18.98525933,32.25848572,14,167,2.262908543,4.351084141,24,50,32.95556742,70.00728244,68,190,41.91206231,108.5169422,69,104,5.249707419,12.43519099,53,161,8.125224968,14.09193848,118,188,42.34913415,109.6490631,95,160,23.08483619,59.06526511,0,163,2.358395592,5.615393115,134,165,41.77195164,105.7666888,192,192,11.53621836,21.75288233,Clothing,4.6,Winter